symbol,isin,trade_date,exchange,segment,series,trade_type,auction,quantity,price,trade_id,order_id,order_execution_time
INFY,,2024-03-12,NSE,EQ,EQ,buy,false,40,4271.28,SAMPLE0001,ORD0001,2024-03-12T10:15:00
INFY,,2025-11-04,NSE,EQ,EQ,buy,false,20,4313.20,SAMPLE0002,ORD0002,2025-11-04T10:15:00
HDFCBANK,,2024-01-09,NSE,EQ,EQ,buy,false,60,2344.70,SAMPLE0003,ORD0003,2024-01-09T10:15:00
HDFCBANK,,2025-02-18,NSE,EQ,EQ,sell,false,15,3001.28,SAMPLE0004,ORD0004,2025-02-18T10:15:00
TCS,,2024-07-22,NSE,EQ,EQ,buy,false,25,4922.11,SAMPLE0005,ORD0005,2024-07-22T10:15:00
ITC,,2023-08-16,NSE,EQ,EQ,buy,false,300,1269.24,SAMPLE0006,ORD0006,2023-08-16T10:15:00
RELIANCE,,2024-10-03,NSE,EQ,EQ,buy,false,30,2397.05,SAMPLE0007,ORD0007,2024-10-03T10:15:00
RELIANCE,,2026-04-07,NSE,EQ,EQ,buy,false,15,2779.99,SAMPLE0008,ORD0008,2026-04-07T10:15:00
TATAMOTORS,,2025-01-14,NSE,EQ,EQ,buy,false,120,9380.88,SAMPLE0009,ORD0009,2025-01-14T10:15:00
ASIANPAINT,,2024-05-20,NSE,EQ,EQ,buy,false,12,1524.72,SAMPLE0010,ORD0010,2024-05-20T10:15:00
SBIN,,2025-12-01,NSE,EQ,EQ,buy,false,80,815.45,SAMPLE0011,ORD0011,2025-12-01T10:15:00
